Comment,Designator,Footprint,LCSC Part #,Manufacturer Part Number

"10uF","C1, C2, C3, C4, C5, C6","1210_C","C22380050","CL32Y106KCV6PNE"
"100nF","C7, C13, C14, C23, C24, C25","0603_C","C14663","CC0603KRX7R9BB104"
"100.0 �F","C8, C9, C10, C11, C12, C15, C16, C19, C20, C21, C22","1206_C","C15008","CL31A107MQHNNNE"
"22.0 pF","C17, C18","0603_C","C1653","CL10C220JB8NNNC"
"25v 100uF","CPP1, CPP2, CPP3, CPP4","7343_Cap","C696814","T521D107M025ATE040"
"MDD SS210","D1, D2, D3, D4, D5, D7","DO-214AC","C14996","SS210"
"1N5819WS","D6, D8, D9","SOD-323_Cap","C191023","1N5819WS"
"MCP16331T-E/CH","IC1","SOT-23-6","C105695","MCP16331T-E/CH"
"JST SM06B-SRSS-TB(LF)(SN)","ISP","JST SM06B-SRSS-TB","C160405","SM06B-SRSS-TB(LF)(SN)"
"2.2e-05 H","L1","WE-TPC-4818-M","C5914106","744042220"
"White","LB1, LBr1, LBr2, LBr3, LBr4, LBr5, LS1, LS2, LS3, LS4, LS5, LS6, LS7, LS8, LS9, LS10, LS11, LS12, LSe1, LVL1, LVL2, LVL3, LVR1, LVR2","0805_Led","C497944","HL-PC-2012H322W-L(6000K-7000K)"
"PluX22 Connector","PluX22","PluX22 Female Bottom","C22067139",""
"MMBT5551LT1G","Q1, Q4, Q5, Q6, Q7, Q8, Q9, Q10, Q11, Q12, Q13","ONSC-SOT-23-3-318-08_V","C2145, C41095","MMBT5551LT1G"
"Diodes Inc DMMT5401-7-F","Q2","DIOD-SOT-26-6_M","C154733","DMMT5401-7-F"
"DMMT5551-7-F","Q3","DIOD-SOT-26-6_M","C445514","DMMT5551-7-F"
"52.3 kO","R1, R4","0805_R","C17740","0805W8F5232T5E"
"10.0 kO","R2, R7, R10","0805_R","C17414","0805W8F1002T5E"
"2 kO","R3, R6, R11, R12, R13, R14, R15, R16, R17, R18, R19, R20","0805_R","C17604","0805W8F2001T5E"
"120.0 O","R5","1206_Resistor","C17909","1206W4F1200T5E"
"22.0 O","R8","0805_R","C17561","0805W8F220JT5E"
"6.8 kO","R9","0805_R","C17772","0805W8F6801T5E"
"470.0 O","R21, R22","0805_R","C17710","0805W8F4700T5E"
"3.3 kO","RLB1, RLSe1","0805_R","C26010","0805W8F3301T5E"
"3.9 kO","RLBr1, RLBr2, RLBr3, RLBr4, RLBr5, RLS1, RLS2, RLS3, RLS4, RLS5, RLS6, RLS7, RLS8, RLS9, RLS10, RLS11, RLS12, RVL1, RVL2, RVL3, RVR1, RVR2","0805_R","C17614","0805W8F3901T5E"
"JST SM04B-SRSS-TB(LF)(SN)","SUSI","JST SM04B-SRSS-TB","C160404","SM04B-SRSS-TB(LF)(SN)"
"ATmega128-16AU","U1","64A_M","C6510","ATMEGA128-16AU"
"16 MHz","Y1","PCB-73bh49k2ct94buydgloj-1","C13738","X322516MLB4SI"
