Altium Designer Pick and Place Locations
C:\Users\The_F\AppData\Local\TempReleases\Snapshot\1\Assembly\Pick Place\Pick Place for ACME_GC_BHR.csv

========================================================================================================================
File Design Information:

Date:       04/01/26
Time:       15:23
Revision:   Not in VersionControl
Variant:    No variations
Units used: mm

"Designator","Layer","Center-X(mm)","Center-Y(mm)","Rotation"
"C21","BottomLayer","63,0000mm","19,5000mm","0"
"C20","BottomLayer","261,0000mm","5,5000mm","0"
"Q11","BottomLayer","273,5000mm","22,5000mm","0"
"L1","TopLayer","227,5000mm","12,5000mm","270"
"C22","BottomLayer","63,0000mm","5,5000mm","0"
"C19","BottomLayer","261,0000mm","19,5000mm","0"
"C11","BottomLayer","224,0000mm","11,1000mm","180"
"C10","BottomLayer","224,0000mm","13,9000mm","180"
"C6","BottomLayer","242,0000mm","10,8000mm","180"
"C5","BottomLayer","242,0000mm","14,2000mm","180"
"C4","TopLayer","242,0000mm","7,4000mm","180"
"C2","TopLayer","242,0000mm","14,2000mm","180"
"D6","TopLayer","228,0000mm","6,7000mm","180"
"C1","TopLayer","242,0000mm","17,6000mm","180"
"C3","TopLayer","242,0000mm","10,8000mm","180"
"R2","TopLayer","236,0000mm","9,0250mm","180"
"R1","TopLayer","232,5000mm","10,0000mm","90"
"IC1","TopLayer","236,0000mm","12,5000mm","180"
"D8","TopLayer","232,5000mm","15,0000mm","270"
"C9","TopLayer","222,5000mm","9,8000mm","90"
"C7","TopLayer","236,0000mm","16,0000mm","180"
"D7","TopLayer","227,5000mm","17,8000mm","180"
"C8","TopLayer","222,5000mm","15,2000mm","270"
"D1","TopLayer","251,0000mm","9,0000mm","270"
"D2","TopLayer","255,0000mm","9,0000mm","90"
"D3","TopLayer","251,0000mm","16,0000mm","90"
"D4","TopLayer","255,0000mm","16,0000mm","270"
"D5","TopLayer","247,0000mm","12,5000mm","90"
"Q9","BottomLayer","243,1500mm","5,5000mm","0"
"R16","BottomLayer","238,6500mm","5,5000mm","90"
"R10","TopLayer","158,5000mm","19,0000mm","90"
"SUSI","TopLayer","163,5750mm","5,5000mm","90"
"C25","TopLayer","158,0000mm","6,0000mm","270"
"R15","BottomLayer","194,5000mm","5,5000mm","90"
"Q8","BottomLayer","199,0000mm","5,5000mm","0"
"C16","TopLayer","152,1000mm","3,0000mm","0"
"C15","TopLayer","135,7000mm","22,3000mm","270"
"C13","TopLayer","138,5000mm","21,5000mm","45"
"C14","TopLayer","148,0000mm","3,0000mm","225"
"U1","TopLayer","143,5000mm","12,5000mm","135"
"Y1","TopLayer","129,5000mm","20,5000mm","90"
"C17","TopLayer","129,5000mm","17,5000mm","0"
"C18","TopLayer","129,5000mm","23,5000mm","180"
"PluX22","BottomLayer","44,5000mm","12,5000mm","270"
"C12","TopLayer","106,0000mm","10,5000mm","0"
"R9","TopLayer","106,5000mm","17,0000mm","0"
"R8","TopLayer","106,5000mm","7,0000mm","0"
"R7","TopLayer","106,5000mm","14,0000mm","0"
"Q3","TopLayer","100,5000mm","16,0000mm","0"
"Q2","TopLayer","100,5000mm","9,0000mm","90"
"CPP1","TopLayer","115,5000mm","5,0000mm","0"
"CPP2","TopLayer","115,5000mm","10,0000mm","0"
"CPP3","TopLayer","115,5000mm","15,0000mm","0"
"CPP4","TopLayer","115,5000mm","20,0000mm","0"
"R6","TopLayer","93,0000mm","9,0000mm","180"
"R5","TopLayer","93,0000mm","16,0000mm","0"
"R4","TopLayer","89,0000mm","12,5000mm","90"
"Q1","TopLayer","93,0000mm","12,5000mm","0"
"R21","TopLayer","83,5000mm","16,5000mm","180"
"R22","TopLayer","83,5000mm","14,0000mm","0"
"D9","TopLayer","122,5000mm","10,1000mm","270"
"R3","TopLayer","122,5000mm","15,0000mm","90"
"C24","TopLayer","281,1000mm","16,5000mm","0"
"R20","BottomLayer","269,5000mm","5,5000mm","90"
"R19","BottomLayer","22,5000mm","12,5000mm","0"
"Q13","BottomLayer","273,5000mm","5,5000mm","0"
"Q12","BottomLayer","17,0000mm","12,5000mm","180"
"C23","TopLayer","5,8000mm","8,5000mm","180"
"RLSe1","BottomLayer","199,0000mm","17,0000mm","0"
"RLB1","BottomLayer","23,4500mm","21,5000mm","0"
"R18","BottomLayer","269,5000mm","22,5000mm","270"
"R17","BottomLayer","22,5000mm","16,5000mm","0"
"R14","BottomLayer","126,6000mm","5,5000mm","180"
"R13","BottomLayer","126,6000mm","19,5000mm","180"
"R12","BottomLayer","84,5000mm","5,5000mm","180"
"R11","BottomLayer","84,5000mm","19,5000mm","180"
"Q10","BottomLayer","17,0000mm","16,5000mm","180"
"Q7","BottomLayer","132,1000mm","5,5000mm","0"
"Q6","BottomLayer","132,1000mm","19,5000mm","0"
"Q5","BottomLayer","90,0000mm","5,5000mm","0"
"Q4","BottomLayer","90,0000mm","19,5000mm","0"
"LSe1","BottomLayer","194,0000mm","17,0000mm","0"
"LB1","BottomLayer","23,4500mm","23,5000mm","180"
"LBr5","BottomLayer","252,2500mm","20,6000mm","0"
"RLBr5","BottomLayer","252,2500mm","18,5000mm","180"
"RLBr4","BottomLayer","252,2500mm","6,5000mm","180"
"RLBr3","BottomLayer","230,2000mm","6,5000mm","180"
"RLBr2","BottomLayer","208,1000mm","6,5000mm","180"
"RLBr1","BottomLayer","186,0000mm","6,5000mm","180"
"LBr4","BottomLayer","252,2500mm","4,4000mm","0"
"LBr2","BottomLayer","208,1000mm","4,4000mm","0"
"LBr1","BottomLayer","186,0000mm","4,4000mm","0"
"LBr3","BottomLayer","230,2000mm","4,4000mm","0"
"LVR2","BottomLayer","280,0000mm","3,5000mm","180"
"RVR2","BottomLayer","280,0000mm","5,5000mm","0"
"LVR1","BottomLayer","280,0000mm","21,5000mm","180"
"RVR1","BottomLayer","280,0000mm","19,5000mm","0"
"RVL3","BottomLayer","25,0000mm","5,5000mm","180"
"LVL3","BottomLayer","25,0000mm","3,5000mm","0"
"RVL2","BottomLayer","7,0000mm","5,5000mm","180"
"RVL1","BottomLayer","7,0000mm","19,5000mm","180"
"LVL2","BottomLayer","7,0000mm","3,5000mm","0"
"LVL1","BottomLayer","7,0000mm","21,5000mm","0"
"RLS6","BottomLayer","97,8200mm","4,4000mm","180"
"LS6","BottomLayer","97,8200mm","6,5000mm","0"
"RLS5","BottomLayer","76,7800mm","4,4000mm","180"
"LS5","BottomLayer","76,7800mm","6,5000mm","0"
"RLS3","BottomLayer","97,8200mm","20,6000mm","180"
"RLS2","BottomLayer","76,7800mm","20,6000mm","180"
"LS3","BottomLayer","97,8200mm","18,5000mm","0"
"LS2","BottomLayer","76,7800mm","18,5000mm","0"
"RLS10","BottomLayer","118,8800mm","4,4000mm","180"
"RLS11","BottomLayer","139,9200mm","4,4000mm","180"
"LS10","BottomLayer","118,8800mm","6,5000mm","0"
"LS11","BottomLayer","139,9200mm","6,5000mm","0"
"RLS7","BottomLayer","118,8800mm","20,6000mm","180"
"RLS8","BottomLayer","139,9200mm","20,6000mm","180"
"LS7","BottomLayer","118,8800mm","18,5000mm","0"
"LS8","BottomLayer","139,9200mm","18,5000mm","0"
"RLS9","BottomLayer","160,9600mm","20,6000mm","180"
"RLS12","BottomLayer","160,9600mm","4,4000mm","180"
"LS4","BottomLayer","55,7400mm","6,5000mm","0"
"LS1","BottomLayer","55,7400mm","18,5000mm","0"
"RLS4","BottomLayer","55,7400mm","4,4000mm","180"
"RLS1","BottomLayer","55,7400mm","20,6000mm","180"
"LS12","BottomLayer","160,9600mm","6,5000mm","0"
"LS9","BottomLayer","160,9600mm","18,5000mm","0"
